Topic,Count,Name,Representation,KeyBERT,MMR,Representative_Docs
-1,12153,-1_godina_nov_čovjek_ruski,"['godina', 'nov', 'čovjek', 'ruski', 'predsjednik', 'zbog', 'ukrajina', 'velik', 'kao', 'sad']","['plenković', 'rusija', 'zagreb', 'trump', 'ukrajina', 'uhititi', 'hdz', 'pod', 'kao', 'ali']","['godina', 'ukrajina', 'kao', 'dan', 'ali', 'rusija', 'rat', 'zagreb', 'ukrajinski', 'trump']",
0,3778,0_ukrajina_godina_ruski_zbog,"['ukrajina', 'godina', 'ruski', 'zbog', 'nov', 'predsjednik', 'velik', 'sad', 'kao', 'čovjek']","['plenković', 'rusija', 'split', 'zagreb', 'trump', 'ukrajina', 'uhititi', 'milanović', 'kada', 'hdz']","['ukrajina', 'godina', 'sad', 'kao', 'dan', 'rusija', 'ali', 'zagreb', 'nemati', 'jer']",
1,107,1_godina_velik_gradski_gradonačelnik,"['godina', 'velik', 'gradski', 'gradonačelnik', 'nov', 'ministar', 'rusija', 'zakon', 'američki', 'preko']","['plenković', 'rusija', 'tomislav', 'koeficijent', 'zagreb', 'ukrajina', 'svemirski program', 'tuča', 'ostavka', 'carina']","['godina', 'rusija', 'zagreb', 'tomašević', 'ukrajina', 'dio', 'pomoć', 'ukrajinski', 'kao', 'nuklearan oružje']",
2,107,2_predsjednik_izbor_milanović_hrvatski,"['predsjednik', 'izbor', 'milanović', 'hrvatski', 'hdz', 'jedan', 'godina', 'republika', 'drugi', 'kao']","['zoran milanović', 'orangutan', 'nikica valentić', 'propalestinski', 'izraziti sućut', 'todorić', 'sućut', 'jandroković', 'protiv hamas', 'gruzija']","['milanović', 'godina', 'kao', 'hamas', 'primorac', 'penava', 'vatrogasac', 'petrov', 'trump', 'predsjednički']",
3,49,3_bivši_obuljen koržinek_koržinek_dojava,"['bivši', 'obuljen koržinek', 'koržinek', 'dojava', 'potres', 'obuljen', 'potres magnituda', 'magnituda', 'turudić', 'dojava bomba']","['baciti molotovljev', 'recidivist', 'angela merkel', 'potres magnituda', 'magnituda', 'magnituda zatresti', 'dojava bomba', 'split kaštel', 'bullying', 'kamenolom']","['dojava', 'potres magnituda', 'magnituda', 'dojava bomba', 'richter', 'opoziv', 'bespravan gradnja', 'richter pogoditi', 'evakuirati', 'preblag']",
4,46,4_aspartam_kazneni_tjeralica_jedan,"['aspartam', 'kazneni', 'tjeralica', 'jedan', 'sara', 'drele', 'radioaktivan', 'šuma', 'antisemitizam', 'feudalizam']","['ljudski kostur', 'aspartam', 'groblje mirogoj', 'jednomjesečni', 'jednomjesečni pritvor', 'antisemitizam', 'protuotrov', 'feudalizam', 'raspisati tjeralica', 'poskok']","['aspartam', 'tjeralica', 'antisemitizam', 'feudalizam', 'raspisati tjeralica', 'homologacija', 'netanyahu', 'vučić naglo', 'smanjiti kazna', 'hrelja']",
5,43,5_iran_policija_zelen_staford,"['iran', 'policija', 'zelen', 'staford', 'tražiti', 'izrael', 'akcija', 'vlada policija', 'centar sarajevo', 'rusija uključiti']","['uskok policija', 'cjepivo protiv', 'akcija uskok', 'intel', 'rusija', 'oligarh', 'who tražiti', 'cjepivo', 'london', 'sanacija']","['rusija uključiti', 'radnik javan', 'tisuća radnik', 'uskok policija', 'who tražiti', 'intel', 'moralan policija', 'policija zbog', 'trajati velik', 'europski zelen']",
6,40,6_nesreća_istraživanje nad_kazneni djelo_prometan,"['nesreća', 'istraživanje nad', 'kazneni djelo', 'prometan', 'djelo', 'kriminalistički istraživanje', 'kazneni', 'ozlijediti', 'policija', 'kriminalistički']","['oluja održati', 'motociklist teško', 'uskok policija', 'bjelovar', 'slavonski brod', 'raznijeti bankomat', 'motociklist', 'čakovac', 'suvozač teško', 'osuditi uvjetan']","['kazneni djelo', 'kriminalistički istraživanje', 'kriminalistički', 'teško ozlijediti', 'prometan nesreća', 'počinjenje kazneni', 'motociklist', 'provesti kriminalistički', 'dovršiti kriminalistički', 'nesreća dogoditi']",
7,37,7_cijena_benzin_gorivo_uhljeb,"['cijena', 'benzin', 'gorivo', 'uhljeb', 'tus', 'splitski čistoća', 'struja', 'grad', 'nov cijena', 'nov']","['rusija', 'benzin dizel', 'trump', 'punionica', 'zagreb', 'pula', 'pobjeda split', 'proglasiti pobjeda', 'turska', 'ramazan']","['uhljeb', 'splitski čistoća', 'šuker', 'tesla prozvati', 'prozvati hep', 'turska', 'pobjeda split', 'ramazan', 'zagreb', 'čistoća']",
8,36,8_policija_usmrtiti_nesreća_muškarac,"['policija', 'usmrtiti', 'nesreća', 'muškarac', 'pobjeći', 'vozač', 'kazneni', 'državni odvjetništvo', 'odvjetništvo', 'uhititi']","['virovitica', 'silvestrovo', 'usmrtiti', 'katamaran', 'istražni zatvor', 'usmrtiti pješak', 'dovršiti kriminalistički', 'kriminalistički istraživanje', 'kazneni djelo', 'usmrtiti biciklist']","['usmrtiti', 'uhititi', 'teško ozlijediti', 'prometan', 'prometan nesreća', 'kriminalistički', 'kazneni djelo', 'dovršiti kriminalistički', 'biciklist', 'kriminalistički istraživanje']",
9,34,9_minuta_muškarac_starbucks_krunica,"['minuta', 'muškarac', 'starbucks', 'krunica', 'slučajno', 'gripa', 'hamas', 'bicikl', 'spomenik', 'minuta pratiti']","['afganistan', 'izlazni anketa', 'starbucks', 'izrael hamas', 'peristil', 'uznemiravanje', 'dubrovnik', 'stoka', 'užasan prizor', 'ukrajina']","['starbucks', 'hamas', 'minuta pratiti', 'minuta minuta', 'otkad mjeriti', 'bicikl ući', 'peristil', 'zamalo', 'češki predsjednik', 'izlazni anketa']",
10,33,10_ukrajina_nov_rus_pratiti nov,"['ukrajina', 'nov', 'rus', 'pratiti nov', 'ruski', 'periska', 'zapaliti', 'rat', 'dug', 'pratiti']","['rusija ukrajina', 'splitski kbc', 'rat ukrajina', 'wagner', 'napredovati', 'rusija', 'zagreb', 'ukrajina rus', 'ukrajina', 'zapaliti']","['ukrajina', 'periska', 'zapaliti', 'rat ukrajina', 'morski dno', 'prosvjed poljoprivrednik', 'splitski kbc', 'uskoro kretati', 'rus napredovati', 'rusija']",
11,29,11_vučić_srbija_test_među,"['vučić', 'srbija', 'test', 'među', 'gotovo', 'sad', 'pobačaj', 'godina', 'radni', 'glasanje']","['kbc osijek', 'tsunami', 'leopard', 'petrinja', 'gorbačov', 'tvrdolinijaški', 'aleksandar', 'artefakt', 'stabljika', 'uzak centar']","['vučić', 'pobačaj', 'godina', 'leopard', 'karlovc', 'japan', 'savjest rad', 'uzak centar', 'prizivati savjest', 'gotovo identičan']",
12,27,12_burza_cijena_cijena nafta_dolar,"['burza', 'cijena', 'cijena nafta', 'dolar', 'nafta', 'dionica', 'ulagač', 'cijena dionica', 'wall street', 'wall']","['washington', 'washington uvesti', 'wall street', 'kanada meksiko', 'dolar cijena', 'trgovinski rat', 'carina uvoz', 'recesija', 'ulagač plašiti', 'kamatan stopa']","['burza', 'cijena nafta', 'nafta', 'wall street', 'street', 'svjetski burza', 'burza cijena', 'carina', 'prema dolar', 'rekordan razina']",
13,25,13_umrijeti_preuzeti predsjedanje_predsjedanje vijeće_bivši,"['umrijeti', 'preuzeti predsjedanje', 'predsjedanje vijeće', 'bivši', 'predsjedanje', 'jane', 'mladen', 'vijeće sigurnost', 'bivši šefica', 'jedan']","['neopoziv', 'javnozdravstveni', 'tuđman', 'položiti vijenac', 'neopoziv ostavka', 'vijenac mirogoj', 'jandroković primiti', 'plenković potpisati', 'boginja', 'moreplovac']","['preuzeti predsjedanje', 'predsjedanje vijeće', 'mladen', 'šefica', 'saborski zastupnik', 'zagreb', 'rimac', 'vela luka', 'profesor filozofski', 'prozvati ministrica']",
14,24,14_splav_tramvaj_župa_nesreća,"['splav', 'tramvaj', 'župa', 'nesreća', 'ulica', 'queer', 'zagreb', 'glas', 'zagrebački', 'saborski odbor']","['hdz dalmacija', 'ranko ostojić', 'črnomerec', 'grad zagreb', 'lastovo', 'opkoliti', 'pjenušac', 'dalmacija', 'ivana marković', 'norovirus']","['splav', 'tramvaj', 'queer', 'zagreb', 'opkoliti', 'listić', 'lastovo', 'bezizlazan', 'hdz dalmacija', 'pjenušac']",
15,23,15_zakon_hok_bih_parametar,"['zakon', 'hok', 'bih', 'parametar', 'dom zdravlje', 'umivaonik', 'mjesto', 'barbarić', 'taksi', 'nov radni']","['svinjogojac', 'umivaonik', 'mongolija', 'pucnjava', 'plenković najaviti', 'tuš kabina', 'plinovod', 'jakuševac', 'otpremnina', 'ukrasti tisuća']","['hok', 'parametar', 'umivaonik', 'barbarić', 'nov radni', 'školjka', 'plinovod', 'nzjz', 'putovanje sad', 'promjenjiv kamatan']",
16,20,16_kandidat_trump_izbor moldavija_satelitski,"['kandidat', 'trump', 'izbor moldavija', 'satelitski', 'netanyahu', 'armenski', 'moda', 'sućut', 'planirati', 'pomilovati']","['dogradonačelnik', 'elizabeta', 'donald trump', 'pokrov antarktika', 'kraljica elizabeta', 'inauguracija', 'egipćanin', 'antarktika', 'jandroković izraziti', 'šumski požar']","['armenski', 'pomilovati', 'honduras', 'intendant', 'mafijaški ubojstvo', 'jandroković', 'trump pomilovati', 'jandroković izraziti', 'pokrov antarktika', 'leden pokrov']",
17,20,17_piletić_trojica_orašac_ministar,"['piletić', 'trojica', 'orašac', 'ministar', 'socijalan', 'stranka', 'služba', 'sdss', 'marin piletić', 'branitelj']","['milo đukanović', 'krijumčarenje', 'đukanović', 'crna gora', 'mirovinski sustav', 'krijumčarenje migrant', 'jandroković', 'kolektivan ugovor', 'ispraćaj', 'pokušaj krijumčarenje']","['marin piletić', 'krijumčarenje', 'marin', 'hrvatski branitelj', 'terorist kao', 'ozbiljan čovjek', 'goran komlenac', 'ispraćaj', 'dijete bicikl', 'uhititi']",
18,20,18_madur_giuliani_zadarski županija_predsjednik,"['madur', 'giuliani', 'zadarski županija', 'predsjednik', 'položiti vijenac', 'izraelski', 'izraelski veleposlanstvo', 'madur njegov', 'slučaj', 'vijenac']","['eiffelov toranj', 'interkontinentalan balistički', 'toranj', 'rudy giuliani', 'balistički raketa', 'ronald reagan', 'interkontinentalan', 'položiti vijenac', 'pussy', 'giuliani']","['giuliani', 'položiti vijenac', 'izraelski veleposlanstvo', 'položiti', 'vijenac poginuli', 'netanyahu obećati', 'weiss', 'ronald reagan', 'potpredsjednica venezuela', 'rudy giuliani']",
19,20,19_dolar_cijena nafta_tržište_tjedan,"['dolar', 'cijena nafta', 'tržište', 'tjedan', 'prošli tjedan', 'porasti', 'vrijednost dolar', 'košarica valuta', 'dolar prema', 'nafta']","['inflacija eurozona', 'valutni tržište', 'kamatan stopa', 'nafta porasti', 'dolar oslabiti', 'potražnja crn', 'cijena nafta', 'nafta', 'nafta prošli', 'porasti jer']","['dolar', 'cijena nafta', 'vrijednost dolar', 'košarica valuta', 'nafta', 'tržište vrijednost', 'valutni tržište', 'valuta porasti', 'dolar ojačati', 'nafta porasti']",
20,18,20_zagreb nasmrt_blokirati glavni_milanović prvi_prema grad,"['zagreb nasmrt', 'blokirati glavni', 'milanović prvi', 'prema grad', 'ozlijediti četiri', 'njemačka', 'nasmrt pretući', 'pretući zaštitar', 'cesta prema', 'grad gaza']","['očevid obdukcija', 'velik ofenziva', 'jasenovac', 'thompson', 'kandidat pantovčak', 'predati kandidatura', 'većina plenković', 'zagreb nasmrt', 'uvjeravati', 'jakuševac']","['zagreb nasmrt', 'blokirati glavni', 'milanović prvi', 'nasmrt pretući', 'uvjeravati', 'ujedinjenje', 'solin', 'zagreb', 'jakuševac', 'kosovo']",
21,18,21_postrojba_nevrijeme_zagreb_jedinica,"['postrojba', 'nevrijeme', 'zagreb', 'jedinica', 'parfem', 'kupovati odjeća', 'korisnik inozeman', 'pješaštvo', 'španjolska', 'inozeman mirovina']","['grad zagreb', 'venezuela', 'libanon', 'koreja rusija', 'otpad jakuševec', 'djelo krivotvorenje', 'španjolska', 'španjolska teško', 'crna gora', 'napad venezuela']","['zagreb', 'parfem', 'korisnik inozeman', 'španjolska', 'jug libanon', 'napad venezuela', 'bavarski', 'loženje', 'vatra otvoren', 'srušiti skela']",
22,17,22_burza_dolar_cijena_porasti,"['burza', 'dolar', 'cijena', 'porasti', 'dionica', 'cijena dionica', 'ulagač', 'cijena nafta', 'tržište', 'nafta']","['wall street', 'velik oscilacija', 'burzovni indeks', 'kamatan stopa', 'europski burza', 'azijski burza', 'burza porasti', 'jerome powell', 'inflacija popuštati', 'nafta porasti']","['burza', 'dolar', 'cijena nafta', 'nafta', 'azijski burza', 'europski burza', 'wall street', 'street', 'prema košarica', 'košarica valuta']",
23,16,23_struja plin_nekretnina_nov gradonačelnica_miljenko jergović,"['struja plin', 'nekretnina', 'nov gradonačelnica', 'miljenko jergović', 'tri požar', 'jergović', 'istra', 'miljenko', 'nepokretan', 'požar dalmacija']","['požar dalmacija', 'božićni drvce', 'požar dubrovnik', 'rekordan prihod', 'dalmacija', 'zagreb besplatno', 'zaton dubrovački', 'poskupjeti', 'ukrajina zapravo', 'nepokretan']","['struja plin', 'miljenko jergović', 'tri požar', 'miljenko', 'nepokretan', 'požar dalmacija', 'milanović primiti', 'disketa', 'bijel', 'dalmacija']",
24,15,24_posto_noćenje_mirovina_odnos,"['posto', 'noćenje', 'mirovina', 'odnos', 'zavod', 'posto noćenje', 'građevinski rad', 'sedam', 'vrijednost', 'posto odnos']","['statistika dzs', 'zavod mirovinski', 'dzs', 'milijarda euro', 'nov narudžba', 'srpanj', 'zagreb', 'rebalans', 'narudžba', 'tromjesečje']","['zavod', 'posto noćenje', 'posto odnos', 'zavod statistika', 'sedam posto', 'rashod', 'godina', 'porasti posto', 'posto pokazivati', 'srpanj']",
